post_text,likes,comments,shares,post_time,post_link
"✨ 𝐖𝐡𝐞𝐫𝐞 𝐬𝐭𝐫𝐞𝐧𝐠𝐭𝐡 𝐢𝐬 𝐛𝐮𝐢𝐥𝐭 & 𝐭𝐡𝐞 𝐯𝐢𝐞𝐰 𝐢𝐧𝐬𝐩𝐢𝐫𝐞𝐬.Experience fitness beyond the ordinary at 𝐖𝐨𝐫𝐥𝐝 𝐅𝐢𝐭𝐂𝐨𝐧𝐭𝐚𝐜𝐭 𝐮𝐬: 𝟎𝟏𝟎𝟐𝟓𝟗𝟖𝟖𝟖𝟗 | 𝐃𝐌 𝐟𝐨𝐫 𝐝𝐞𝐭𝐚𝐢𝐥𝐬 Ready to train at 𝐖𝐨𝐫𝐥𝐝 𝐅𝐢𝐭 — 𝐀𝐥𝐞𝐱𝐚𝐧𝐝𝐫𝐢𝐚’𝐬 #𝟏 𝐏𝐫𝐞𝐦𝐢𝐮𝐦 𝐆𝐲𝐦?Experience a gym designed to elevate your journey with:✅ 𝐓𝐡𝐞 𝐥𝐚𝐭𝐞𝐬𝐭 𝐞𝐪𝐮𝐢𝐩𝐦𝐞𝐧𝐭✅ 𝐀 𝐬𝐩𝐚𝐜𝐢𝐨𝐮𝐬, 𝐩𝐫𝐞𝐦𝐢𝐮𝐦 𝐟𝐚𝐜𝐢𝐥𝐢𝐭𝐲✅ 𝐓𝐨𝐩 𝐩𝐫𝐨𝐟𝐞𝐬𝐬𝐢𝐨𝐧𝐚𝐥 𝐜𝐨𝐚𝐜𝐡𝐞𝐬✅ 𝐀 𝐜𝐨𝐦𝐩𝐥𝐞𝐭𝐞 𝐟𝐢𝐭𝐧𝐞𝐬𝐬 & 𝐰𝐞𝐥𝐥𝐧𝐞𝐬𝐬 𝐞𝐱𝐩𝐞𝐫𝐢𝐞𝐧𝐜𝐞📍 Location: El Geish Road, Stanley📞 Contact: 01025988889👉 Send us a message now to ask about memberships & offers Your next favorite class starts this July.…See more Every breath brings you closer to balance.…See more",,,,roopetsdnSi6it29thct3im0i10iu1i38t37m6g593img4877333531g15f5,https://www.facebook.com/Worldfitstanley/posts/pfbid02irzGDwtGbYsz9V7eV9Jod5o1yugueGs4nrKk76zNGTHmVUr1Mek9QSo2J3XZdaAel
,,,,,
"✨ 𝐖𝐡𝐞𝐫𝐞 𝐬𝐭𝐫𝐞𝐧𝐠𝐭𝐡 𝐢𝐬 𝐛𝐮𝐢𝐥𝐭 & 𝐭𝐡𝐞 𝐯𝐢𝐞𝐰 𝐢𝐧𝐬𝐩𝐢𝐫𝐞𝐬.Experience fitness beyond the ordinary at 𝐖𝐨𝐫𝐥𝐝 𝐅𝐢𝐭𝐂𝐨𝐧𝐭𝐚𝐜𝐭 𝐮𝐬: 𝟎𝟏𝟎𝟐𝟓𝟗𝟖𝟖𝟖𝟗 | 𝐃𝐌 𝐟𝐨𝐫 𝐝𝐞𝐭𝐚𝐢𝐥𝐬 Ready to train at 𝐖𝐨𝐫𝐥𝐝 𝐅𝐢𝐭 — 𝐀𝐥𝐞𝐱𝐚𝐧𝐝𝐫𝐢𝐚’𝐬 #𝟏 𝐏𝐫𝐞𝐦𝐢𝐮𝐦 𝐆𝐲𝐦?Experience a gym designed to elevate your journey with:✅ 𝐓𝐡𝐞 𝐥𝐚𝐭𝐞𝐬𝐭 𝐞𝐪𝐮𝐢𝐩𝐦𝐞𝐧𝐭✅ 𝐀 𝐬𝐩𝐚𝐜𝐢𝐨𝐮𝐬, 𝐩𝐫𝐞𝐦𝐢𝐮𝐦 𝐟𝐚𝐜𝐢𝐥𝐢𝐭𝐲✅ 𝐓𝐨𝐩 𝐩𝐫𝐨𝐟𝐞𝐬𝐬𝐢𝐨𝐧𝐚𝐥 𝐜𝐨𝐚𝐜𝐡𝐞𝐬✅ 𝐀 𝐜𝐨𝐦𝐩𝐥𝐞𝐭𝐞 𝐟𝐢𝐭𝐧𝐞𝐬𝐬 & 𝐰𝐞𝐥𝐥𝐧𝐞𝐬𝐬 𝐞𝐱𝐩𝐞𝐫𝐢𝐞𝐧𝐜𝐞📍 Location: El Geish Road, Stanley📞 Contact: 01025988889👉 Send us a message now to ask about memberships & offers",,,,,
✨ 𝐖𝐡𝐞𝐫𝐞 𝐬𝐭𝐫𝐞𝐧𝐠𝐭𝐡 𝐢𝐬 𝐛𝐮𝐢𝐥𝐭 & 𝐭𝐡𝐞 𝐯𝐢𝐞𝐰 𝐢𝐧𝐬𝐩𝐢𝐫𝐞𝐬.Experience fitness beyond the ordinary at 𝐖𝐨𝐫𝐥𝐝 𝐅𝐢𝐭𝐂𝐨𝐧𝐭𝐚𝐜𝐭 𝐮𝐬: 𝟎𝟏𝟎𝟐𝟓𝟗𝟖𝟖𝟖𝟗 | 𝐃𝐌 𝐟𝐨𝐫 𝐝𝐞𝐭𝐚𝐢𝐥𝐬,,,,,
"Ready to train at 𝐖𝐨𝐫𝐥𝐝 𝐅𝐢𝐭 — 𝐀𝐥𝐞𝐱𝐚𝐧𝐝𝐫𝐢𝐚’𝐬 #𝟏 𝐏𝐫𝐞𝐦𝐢𝐮𝐦 𝐆𝐲𝐦?Experience a gym designed to elevate your journey with:✅ 𝐓𝐡𝐞 𝐥𝐚𝐭𝐞𝐬𝐭 𝐞𝐪𝐮𝐢𝐩𝐦𝐞𝐧𝐭✅ 𝐀 𝐬𝐩𝐚𝐜𝐢𝐨𝐮𝐬, 𝐩𝐫𝐞𝐦𝐢𝐮𝐦 𝐟𝐚𝐜𝐢𝐥𝐢𝐭𝐲✅ 𝐓𝐨𝐩 𝐩𝐫𝐨𝐟𝐞𝐬𝐬𝐢𝐨𝐧𝐚𝐥 𝐜𝐨𝐚𝐜𝐡𝐞𝐬✅ 𝐀 𝐜𝐨𝐦𝐩𝐥𝐞𝐭𝐞 𝐟𝐢𝐭𝐧𝐞𝐬𝐬 & 𝐰𝐞𝐥𝐥𝐧𝐞𝐬𝐬 𝐞𝐱𝐩𝐞𝐫𝐢𝐞𝐧𝐜𝐞📍 Location: El Geish Road, Stanley📞 Contact: 01025988889👉 Send us a message now to ask about memberships & offers",,,,,
Every breath brings you closer to balance.…See more,,,,epstdoornSialu7gaue166J7tl200itui0mm08u3:2178i060hil09nif,https://www.facebook.com/reel/1812914800063279
Every breath brings you closer to balance.…See more,,,,epstdoornSialu7gaue166J7tl200itui0mm08u3:2178i060hil09nif,https://www.facebook.com/reel/1812914800063279/
DISCOVER YOUR INNER QUEEN…See more,,,,epstdoornSialu7gaue266J7tl203itui0mm00u3:2178i060hil08nif,https://www.facebook.com/Worldfitstanley/posts/pfbid036quZ5tfGPFtEhzUixqCRQi8AVbckVgP3xjz1H4cN3FBvQWrTrfn7CkKirDpnk5Xml
Push Day isn’t just about building strength… it’s about proving to yourself that you can do more.,,,,epstdoornSialu7gaue166J7tl207itui0mm59u3:2178i060hil07nif,https://www.facebook.com/reel/1375457747841661
Push Day isn’t just about building strength… it’s about proving to yourself that you can do more.,,,,epstdoornSialu7gaue166J7tl207itui0mm59u3:2178i060hil07nif,https://www.facebook.com/reel/1375457747841661/
"More than a Pilates session.A moment to reconnect, recharge, and move with purpose.…See more",,,,rpSodosten4021citn2gu3tuhmh6e5:50g166a4g1g68Ja552m9l1l1ua,https://www.facebook.com/reel/1592364386232194
"More than a Pilates session.A moment to reconnect, recharge, and move with purpose.…See more",,,,rpSodosten4021citn2gu3tuhmh6e5:50g166a4g1g68Ja552m9l1l1ua,https://www.facebook.com/reel/1592364386232194/
Discover Your Inner Queen…See more,,,,rpSodosten4021citn2gu3tuhmh6e5:50g165a9g1g68Ja550m8l1l1ua,https://www.facebook.com/Worldfitstanley/posts/pfbid0y4sRa6WDebj1jsUsDzY6RHqSDByRuPSecLvqNRhLNL5kkgykLtNDB7x5vCWfoe9Zl
Pilates. Sunshine. Mediterranean views.…See more,,,,rpSodosten4021citn2gu3tuhmh6e5:50g163a7g1g68Ja553m4l1l1ua,https://www.facebook.com/reel/816123351447174
Pilates. Sunshine. Mediterranean views.…See more,,,,rpSodosten4021citn2gu3tuhmh6e5:50g163a7g1g68Ja553m4l1l1ua,https://www.facebook.com/reel/816123351447174/
"The first Pilates experience on a yacht in the Mediterranean Sea, Egypt.…See more",,,,eSortnpsoda1hJ07hu9t85nf8ihlgu2390m81lucea:t3a0l20imluli3,https://www.facebook.com/reel/1541802281074165
"The first Pilates experience on a yacht in the Mediterranean Sea, Egypt.…See more",,,,eSortnpsoda1hJ07hu9t85nf8ihlgu2390m81lucea:t3a0l20imluli3,https://www.facebook.com/reel/1541802281074165/
Pilates on a Yacht…See more,,,,eSortnpsoda2hJ07hu9t85nf8ihlgu1090m81lucea:t3a0l50imluli5,https://www.facebook.com/reel/943416982060639
Pilates on a Yacht…See more,,,,eSortnpsoda2hJ07hu9t85nf8ihlgu1090m81lucea:t3a0l50imluli5,https://www.facebook.com/reel/943416982060639/
This isn’t just an event. It’s a lifestyle.…See more,,,,eSortnpsoda2hJ07hu9t85nf8ihlgu1390m81lucea:t3a0l40imluli1,https://www.facebook.com/Worldfitstanley/posts/pfbid036j2Vy87Tu3EKEbGGDJeeFDS44c8GLJQ4ZhhSUmWKHvVd5KXJ4mBU6KxH7eAVeJJhl
